id_tiempo,anio,mes,dia,hora
2026013017,2026,1,30,17
2026013007,2026,1,30,7
2026013021,2026,1,30,21
2026013023,2026,1,30,23
2026013011,2026,1,30,11
2026013012,2026,1,30,12
2026013019,2026,1,30,19
2026013022,2026,1,30,22
2026013006,2026,1,30,6
2026013015,2026,1,30,15
2026013018,2026,1,30,18
2026013001,2026,1,30,1
2026013014,2026,1,30,14
2026013002,2026,1,30,2
2026013016,2026,1,30,16
2026013020,2026,1,30,20
2026013000,2026,1,30,0
2026013008,2026,1,30,8
2026013009,2026,1,30,9
2026013013,2026,1,30,13
2026013005,2026,1,30,5
2026013010,2026,1,30,10
2026013004,2026,1,30,4
2026013003,2026,1,30,3
2026022706,2026,2,27,6
2026022718,2026,2,27,18
2026022713,2026,2,27,13
2026022716,2026,2,27,16
2026022720,2026,2,27,20
2026022701,2026,2,27,1
2026022708,2026,2,27,8
2026022709,2026,2,27,9
2026022712,2026,2,27,12
2026022723,2026,2,27,23
2026022711,2026,2,27,11
2026022719,2026,2,27,19
2026022714,2026,2,27,14
2026022710,2026,2,27,10
2026022722,2026,2,27,22
2026022717,2026,2,27,17
2026022721,2026,2,27,21
2026022700,2026,2,27,0
2026022705,2026,2,27,5
2026022715,2026,2,27,15
2026022702,2026,2,27,2
2026022707,2026,2,27,7
2026022704,2026,2,27,4
2026022703,2026,2,27,3
2026012108,2026,1,21,8
2026012113,2026,1,21,13
2026012119,2026,1,21,19
2026012110,2026,1,21,10
2026012121,2026,1,21,21
2026012115,2026,1,21,15
2026012117,2026,1,21,17
2026012120,2026,1,21,20
2026012107,2026,1,21,7
2026012100,2026,1,21,0
2026012122,2026,1,21,22
2026012114,2026,1,21,14
2026012116,2026,1,21,16
2026012118,2026,1,21,18
2026012101,2026,1,21,1
2026012104,2026,1,21,4
2026012112,2026,1,21,12
2026012123,2026,1,21,23
2026012106,2026,1,21,6
2026012103,2026,1,21,3
2026012109,2026,1,21,9
2026012111,2026,1,21,11
2026012102,2026,1,21,2
2026012105,2026,1,21,5
2026022000,2026,2,20,0
2026022009,2026,2,20,9
2026022019,2026,2,20,19
2026022013,2026,2,20,13
2026022015,2026,2,20,15
2026022022,2026,2,20,22
2026022014,2026,2,20,14
2026022017,2026,2,20,17
2026022010,2026,2,20,10
2026022016,2026,2,20,16
2026022012,2026,2,20,12
2026022011,2026,2,20,11
2026022021,2026,2,20,21
2026022023,2026,2,20,23
2026022008,2026,2,20,8
2026022001,2026,2,20,1
2026022020,2026,2,20,20
2026022018,2026,2,20,18
2026022005,2026,2,20,5
2026022007,2026,2,20,7
2026022006,2026,2,20,6
2026022002,2026,2,20,2
2026022004,2026,2,20,4
2026022003,2026,2,20,3
2026012806,2026,1,28,6
2026012819,2026,1,28,19
2026012823,2026,1,28,23
2026012807,2026,1,28,7
2026012810,2026,1,28,10
2026012820,2026,1,28,20
2026012818,2026,1,28,18
2026012816,2026,1,28,16
2026012821,2026,1,28,21
2026012811,2026,1,28,11
2026012814,2026,1,28,14
2026012822,2026,1,28,22
2026012813,2026,1,28,13
2026012801,2026,1,28,1
2026012800,2026,1,28,0
2026012804,2026,1,28,4
2026012815,2026,1,28,15
2026012803,2026,1,28,3
2026012809,2026,1,28,9
2026012817,2026,1,28,17
2026012812,2026,1,28,12
2026012808,2026,1,28,8
2026012802,2026,1,28,2
2026012805,2026,1,28,5
2026012018,2026,1,20,18
2026012022,2026,1,20,22
2026012008,2026,1,20,8
2026012013,2026,1,20,13
2026012019,2026,1,20,19
2026012006,2026,1,20,6
2026012000,2026,1,20,0
2026012017,2026,1,20,17
2026012002,2026,1,20,2
2026012009,2026,1,20,9
2026012016,2026,1,20,16
2026012020,2026,1,20,20
2026012012,2026,1,20,12
2026012015,2026,1,20,15
2026012014,2026,1,20,14
2026012007,2026,1,20,7
2026012005,2026,1,20,5
2026012011,2026,1,20,11
2026012023,2026,1,20,23
2026012010,2026,1,20,10
2026012021,2026,1,20,21
2026012003,2026,1,20,3
2026012001,2026,1,20,1
2026012004,2026,1,20,4
2026022304,2026,2,23,4
2026022315,2026,2,23,15
2026022308,2026,2,23,8
2026022316,2026,2,23,16
2026022311,2026,2,23,11
2026022301,2026,2,23,1
2026022310,2026,2,23,10
2026022313,2026,2,23,13
2026022312,2026,2,23,12
2026022320,2026,2,23,20
2026022314,2026,2,23,14
2026022319,2026,2,23,19
2026022309,2026,2,23,9
2026022321,2026,2,23,21
2026022323,2026,2,23,23
2026022303,2026,2,23,3
2026022306,2026,2,23,6
2026022305,2026,2,23,5
2026022317,2026,2,23,17
2026022322,2026,2,23,22
2026022307,2026,2,23,7
2026022302,2026,2,23,2
2026022300,2026,2,23,0
2026022318,2026,2,23,18
2026013118,2026,1,31,18
2026013100,2026,1,31,0
2026013110,2026,1,31,10
2026013119,2026,1,31,19
2026013116,2026,1,31,16
2026013117,2026,1,31,17
2026013113,2026,1,31,13
2026013120,2026,1,31,20
2026013115,2026,1,31,15
2026013112,2026,1,31,12
2026013103,2026,1,31,3
2026013114,2026,1,31,14
2026013111,2026,1,31,11
2026013122,2026,1,31,22
2026013123,2026,1,31,23
2026013102,2026,1,31,2
2026013121,2026,1,31,21
2026013107,2026,1,31,7
2026013104,2026,1,31,4
2026013108,2026,1,31,8
2026013109,2026,1,31,9
2026013101,2026,1,31,1
2026013106,2026,1,31,6
2026013105,2026,1,31,5
2026020209,2026,2,2,9
2026020212,2026,2,2,12
2026020218,2026,2,2,18
2026020220,2026,2,2,20
2026020221,2026,2,2,21
2026020205,2026,2,2,5
2026020219,2026,2,2,19
2026020207,2026,2,2,7
2026020204,2026,2,2,4
2026020216,2026,2,2,16
2026020222,2026,2,2,22
2026020210,2026,2,2,10
2026020213,2026,2,2,13
2026020206,2026,2,2,6
2026020215,2026,2,2,15
2026020201,2026,2,2,1
2026020223,2026,2,2,23
2026020217,2026,2,2,17
2026020208,2026,2,2,8
2026020200,2026,2,2,0
2026020211,2026,2,2,11
2026020214,2026,2,2,14
2026020203,2026,2,2,3
2026020202,2026,2,2,2
2026011218,2026,1,12,18
2026011209,2026,1,12,9
2026011220,2026,1,12,20
2026011207,2026,1,12,7
2026011219,2026,1,12,19
2026011208,2026,1,12,8
2026011222,2026,1,12,22
2026011217,2026,1,12,17
2026011211,2026,1,12,11
2026011212,2026,1,12,12
2026011213,2026,1,12,13
2026011221,2026,1,12,21
2026011215,2026,1,12,15
2026011216,2026,1,12,16
2026011201,2026,1,12,1
2026011214,2026,1,12,14
2026011200,2026,1,12,0
2026011223,2026,1,12,23
2026011203,2026,1,12,3
2026011205,2026,1,12,5
2026011206,2026,1,12,6
2026011210,2026,1,12,10
2026011204,2026,1,12,4
2026011202,2026,1,12,2
2026011319,2026,1,13,19
2026011322,2026,1,13,22
2026011308,2026,1,13,8
2026011312,2026,1,13,12
2026011323,2026,1,13,23
2026011305,2026,1,13,5
2026011317,2026,1,13,17
2026011315,2026,1,13,15
2026011311,2026,1,13,11
2026011301,2026,1,13,1
2026011307,2026,1,13,7
2026011313,2026,1,13,13
2026011314,2026,1,13,14
2026011321,2026,1,13,21
2026011320,2026,1,13,20
2026011309,2026,1,13,9
2026011318,2026,1,13,18
2026011310,2026,1,13,10
2026011306,2026,1,13,6
2026011300,2026,1,13,0
2026011316,2026,1,13,16
2026011302,2026,1,13,2
2026011304,2026,1,13,4
2026011303,2026,1,13,3
2026022212,2026,2,22,12
2026022205,2026,2,22,5
2026022211,2026,2,22,11
2026022214,2026,2,22,14
2026022208,2026,2,22,8
2026022216,2026,2,22,16
2026022217,2026,2,22,17
2026022201,2026,2,22,1
2026022200,2026,2,22,0
2026022207,2026,2,22,7
2026022219,2026,2,22,19
2026022220,2026,2,22,20
2026022204,2026,2,22,4
2026022206,2026,2,22,6
2026022215,2026,2,22,15
2026022209,2026,2,22,9
2026022218,2026,2,22,18
2026022222,2026,2,22,22
2026022221,2026,2,22,21
2026022202,2026,2,22,2
2026022223,2026,2,22,23
2026022210,2026,2,22,10
2026022213,2026,2,22,13
2026022203,2026,2,22,3
2026020703,2026,2,7,3
2026020715,2026,2,7,15
2026020708,2026,2,7,8
2026020713,2026,2,7,13
2026020716,2026,2,7,16
2026020721,2026,2,7,21
2026020707,2026,2,7,7
2026020701,2026,2,7,1
2026020719,2026,2,7,19
2026020720,2026,2,7,20
2026020705,2026,2,7,5
2026020718,2026,2,7,18
2026020723,2026,2,7,23
2026020700,2026,2,7,0
2026020714,2026,2,7,14
2026020717,2026,2,7,17
2026020709,2026,2,7,9
2026020710,2026,2,7,10
2026020712,2026,2,7,12
2026020702,2026,2,7,2
2026020711,2026,2,7,11
2026020704,2026,2,7,4
2026020722,2026,2,7,22
2026020706,2026,2,7,6
2026021318,2026,2,13,18
2026021312,2026,2,13,12
2026021314,2026,2,13,14
2026021319,2026,2,13,19
2026021309,2026,2,13,9
2026021323,2026,2,13,23
2026021302,2026,2,13,2
2026021315,2026,2,13,15
2026021308,2026,2,13,8
2026021306,2026,2,13,6
2026021320,2026,2,13,20
2026021322,2026,2,13,22
2026021317,2026,2,13,17
2026021310,2026,2,13,10
2026021313,2026,2,13,13
2026021301,2026,2,13,1
2026021307,2026,2,13,7
2026021316,2026,2,13,16
2026021321,2026,2,13,21
2026021311,2026,2,13,11
2026021300,2026,2,13,0
2026021303,2026,2,13,3
2026021305,2026,2,13,5
2026021304,2026,2,13,4
2026011120,2026,1,11,20
2026011119,2026,1,11,19
2026011107,2026,1,11,7
2026011115,2026,1,11,15
2026011114,2026,1,11,14
2026011117,2026,1,11,17
2026011116,2026,1,11,16
2026011105,2026,1,11,5
2026011109,2026,1,11,9
2026011100,2026,1,11,0
2026011118,2026,1,11,18
2026011112,2026,1,11,12
2026011122,2026,1,11,22
2026011113,2026,1,11,13
2026011111,2026,1,11,11
2026011102,2026,1,11,2
2026011123,2026,1,11,23
2026011110,2026,1,11,10
2026011121,2026,1,11,21
2026011108,2026,1,11,8
2026011101,2026,1,11,1
2026011103,2026,1,11,3
2026011106,2026,1,11,6
2026011104,2026,1,11,4
2026020615,2026,2,6,15
2026020621,2026,2,6,21
2026020618,2026,2,6,18
2026020620,2026,2,6,20
2026020619,2026,2,6,19
2026020617,2026,2,6,17
2026020610,2026,2,6,10
2026020601,2026,2,6,1
2026020616,2026,2,6,16
2026020614,2026,2,6,14
2026020623,2026,2,6,23
2026020608,2026,2,6,8
2026020622,2026,2,6,22
2026020611,2026,2,6,11
2026020607,2026,2,6,7
2026020613,2026,2,6,13
2026020609,2026,2,6,9
2026020612,2026,2,6,12
2026020602,2026,2,6,2
2026020606,2026,2,6,6
2026020603,2026,2,6,3
2026020600,2026,2,6,0
2026020604,2026,2,6,4
2026020605,2026,2,6,5
2026022600,2026,2,26,0
2026022617,2026,2,26,17
2026022606,2026,2,26,6
2026022618,2026,2,26,18
2026022602,2026,2,26,2
2026022619,2026,2,26,19
2026022616,2026,2,26,16
2026022613,2026,2,26,13
2026022620,2026,2,26,20
2026022615,2026,2,26,15
2026022622,2026,2,26,22
2026022623,2026,2,26,23
2026022611,2026,2,26,11
2026022608,2026,2,26,8
2026022607,2026,2,26,7
2026022614,2026,2,26,14
2026022612,2026,2,26,12
2026022609,2026,2,26,9
2026022610,2026,2,26,10
2026022621,2026,2,26,21
2026022601,2026,2,26,1
2026022604,2026,2,26,4
2026022605,2026,2,26,5
2026022603,2026,2,26,3
2026020521,2026,2,5,21
2026020509,2026,2,5,9
2026020515,2026,2,5,15
2026020516,2026,2,5,16
2026020517,2026,2,5,17
2026020518,2026,2,5,18
2026020523,2026,2,5,23
2026020508,2026,2,5,8
2026020522,2026,2,5,22
2026020501,2026,2,5,1
2026020502,2026,2,5,2
2026020513,2026,2,5,13
2026020520,2026,2,5,20
2026020505,2026,2,5,5
2026020519,2026,2,5,19
2026020514,2026,2,5,14
2026020500,2026,2,5,0
2026020504,2026,2,5,4
2026020510,2026,2,5,10
2026020512,2026,2,5,12
2026020506,2026,2,5,6
2026020503,2026,2,5,3
2026020511,2026,2,5,11
2026020507,2026,2,5,7
2026021909,2026,2,19,9
2026021900,2026,2,19,0
2026021916,2026,2,19,16
2026021919,2026,2,19,19
2026021915,2026,2,19,15
2026021907,2026,2,19,7
2026021912,2026,2,19,12
2026021914,2026,2,19,14
2026021917,2026,2,19,17
2026021913,2026,2,19,13
2026021920,2026,2,19,20
2026021921,2026,2,19,21
2026021908,2026,2,19,8
2026021910,2026,2,19,10
2026021923,2026,2,19,23
2026021911,2026,2,19,11
2026021918,2026,2,19,18
2026021901,2026,2,19,1
2026021902,2026,2,19,2
2026021922,2026,2,19,22
2026021905,2026,2,19,5
2026021906,2026,2,19,6
2026021903,2026,2,19,3
2026021904,2026,2,19,4
2026020119,2026,2,1,19
2026020109,2026,2,1,9
2026020101,2026,2,1,1
2026020100,2026,2,1,0
2026020115,2026,2,1,15
2026020121,2026,2,1,21
2026020122,2026,2,1,22
2026020111,2026,2,1,11
2026020112,2026,2,1,12
2026020113,2026,2,1,13
2026020110,2026,2,1,10
2026020117,2026,2,1,17
2026020118,2026,2,1,18
2026020114,2026,2,1,14
2026020105,2026,2,1,5
2026020120,2026,2,1,20
2026020116,2026,2,1,16
2026020104,2026,2,1,4
2026020102,2026,2,1,2
2026020103,2026,2,1,3
2026020123,2026,2,1,23
2026020108,2026,2,1,8
2026020107,2026,2,1,7
2026020106,2026,2,1,6
2026020308,2026,2,3,8
2026020310,2026,2,3,10
2026020320,2026,2,3,20
2026020300,2026,2,3,0
2026020316,2026,2,3,16
2026020319,2026,2,3,19
2026020315,2026,2,3,15
2026020306,2026,2,3,6
2026020318,2026,2,3,18
2026020302,2026,2,3,2
2026020314,2026,2,3,14
2026020309,2026,2,3,9
2026020312,2026,2,3,12
2026020313,2026,2,3,13
2026020321,2026,2,3,21
2026020323,2026,2,3,23
2026020307,2026,2,3,7
2026020301,2026,2,3,1
2026020322,2026,2,3,22
2026020304,2026,2,3,4
2026020311,2026,2,3,11
2026020317,2026,2,3,17
2026020305,2026,2,3,5
2026020303,2026,2,3,3
2026012519,2026,1,25,19
2026012516,2026,1,25,16
2026012513,2026,1,25,13
2026012515,2026,1,25,15
2026012520,2026,1,25,20
2026012523,2026,1,25,23
2026012501,2026,1,25,1
2026012500,2026,1,25,0
2026012505,2026,1,25,5
2026012510,2026,1,25,10
2026012522,2026,1,25,22
2026012514,2026,1,25,14
2026012502,2026,1,25,2
2026012517,2026,1,25,17
2026012518,2026,1,25,18
2026012521,2026,1,25,21
2026012511,2026,1,25,11
2026012503,2026,1,25,3
2026012509,2026,1,25,9
2026012512,2026,1,25,12
2026012507,2026,1,25,7
2026012504,2026,1,25,4
2026012508,2026,1,25,8
2026012506,2026,1,25,6
2026010708,2026,1,7,8
2026010718,2026,1,7,18
2026010706,2026,1,7,6
2026010717,2026,1,7,17
2026010707,2026,1,7,7
2026010720,2026,1,7,20
2026010711,2026,1,7,11
2026010722,2026,1,7,22
2026010702,2026,1,7,2
2026010714,2026,1,7,14
2026010723,2026,1,7,23
2026010703,2026,1,7,3
2026010719,2026,1,7,19
2026010710,2026,1,7,10
2026010712,2026,1,7,12
2026010715,2026,1,7,15
2026010721,2026,1,7,21
2026010701,2026,1,7,1
2026010716,2026,1,7,16
2026010713,2026,1,7,13
2026010709,2026,1,7,9
2026010700,2026,1,7,0
2026010704,2026,1,7,4
2026010705,2026,1,7,5
2026020819,2026,2,8,19
2026020806,2026,2,8,6
2026020817,2026,2,8,17
2026020818,2026,2,8,18
2026020816,2026,2,8,16
2026020813,2026,2,8,13
2026020820,2026,2,8,20
2026020815,2026,2,8,15
2026020823,2026,2,8,23
2026020801,2026,2,8,1
2026020812,2026,2,8,12
2026020821,2026,2,8,21
2026020814,2026,2,8,14
2026020800,2026,2,8,0
2026020810,2026,2,8,10
2026020804,2026,2,8,4
2026020803,2026,2,8,3
2026020822,2026,2,8,22
2026020811,2026,2,8,11
2026020807,2026,2,8,7
2026020805,2026,2,8,5
2026020802,2026,2,8,2
2026020808,2026,2,8,8
2026020809,2026,2,8,9
2026011715,2026,1,17,15
2026011708,2026,1,17,8
2026011716,2026,1,17,16
2026011706,2026,1,17,6
2026011713,2026,1,17,13
2026011720,2026,1,17,20
2026011712,2026,1,17,12
2026011714,2026,1,17,14
2026011718,2026,1,17,18
2026011722,2026,1,17,22
2026011717,2026,1,17,17
2026011710,2026,1,17,10
2026011719,2026,1,17,19
2026011709,2026,1,17,9
2026011721,2026,1,17,21
2026011700,2026,1,17,0
2026011723,2026,1,17,23
2026011703,2026,1,17,3
2026011711,2026,1,17,11
2026011701,2026,1,17,1
2026011705,2026,1,17,5
2026011707,2026,1,17,7
2026011702,2026,1,17,2
2026011704,2026,1,17,4
2026011523,2026,1,15,23
2026011503,2026,1,15,3
2026011502,2026,1,15,2
2026011521,2026,1,15,21
2026011515,2026,1,15,15
2026011513,2026,1,15,13
2026011507,2026,1,15,7
2026011509,2026,1,15,9
2026011512,2026,1,15,12
2026011501,2026,1,15,1
2026011518,2026,1,15,18
2026011514,2026,1,15,14
2026011511,2026,1,15,11
2026011500,2026,1,15,0
2026011519,2026,1,15,19
2026011508,2026,1,15,8
2026011516,2026,1,15,16
2026011522,2026,1,15,22
2026011520,2026,1,15,20
2026011510,2026,1,15,10
2026011506,2026,1,15,6
2026011517,2026,1,15,17
2026011504,2026,1,15,4
2026011505,2026,1,15,5
2026021214,2026,2,12,14
2026021221,2026,2,12,21
2026021216,2026,2,12,16
2026021204,2026,2,12,4
2026021220,2026,2,12,20
2026021207,2026,2,12,7
2026021208,2026,2,12,8
2026021209,2026,2,12,9
2026021218,2026,2,12,18
2026021217,2026,2,12,17
2026021219,2026,2,12,19
2026021213,2026,2,12,13
2026021201,2026,2,12,1
2026021210,2026,2,12,10
2026021215,2026,2,12,15
2026021211,2026,2,12,11
2026021212,2026,2,12,12
2026021206,2026,2,12,6
2026021223,2026,2,12,23
2026021200,2026,2,12,0
2026021222,2026,2,12,22
2026021205,2026,2,12,5
2026021202,2026,2,12,2
2026021203,2026,2,12,3
2026010610,2026,1,6,10
2026010611,2026,1,6,11
2026010619,2026,1,6,19
2026010606,2026,1,6,6
2026010620,2026,1,6,20
2026010616,2026,1,6,16
2026010618,2026,1,6,18
2026010615,2026,1,6,15
2026010614,2026,1,6,14
2026010607,2026,1,6,7
2026010621,2026,1,6,21
2026010613,2026,1,6,13
2026010608,2026,1,6,8
2026010617,2026,1,6,17
2026010623,2026,1,6,23
2026010622,2026,1,6,22
2026010605,2026,1,6,5
2026010604,2026,1,6,4
2026010609,2026,1,6,9
2026010602,2026,1,6,2
2026010600,2026,1,6,0
2026010601,2026,1,6,1
2026010612,2026,1,6,12
2026010603,2026,1,6,3
2026011419,2026,1,14,19
2026011405,2026,1,14,5
2026011401,2026,1,14,1
2026011420,2026,1,14,20
2026011417,2026,1,14,17
2026011422,2026,1,14,22
2026011408,2026,1,14,8
2026011410,2026,1,14,10
2026011413,2026,1,14,13
2026011411,2026,1,14,11
2026011414,2026,1,14,14
2026011421,2026,1,14,21
2026011406,2026,1,14,6
2026011418,2026,1,14,18
2026011415,2026,1,14,15
2026011400,2026,1,14,0
2026011402,2026,1,14,2
2026011409,2026,1,14,9
2026011416,2026,1,14,16
2026011423,2026,1,14,23
2026011407,2026,1,14,7
2026011403,2026,1,14,3
2026011412,2026,1,14,12
2026011404,2026,1,14,4
2026020420,2026,2,4,20
2026020409,2026,2,4,9
2026020407,2026,2,4,7
2026020414,2026,2,4,14
2026020402,2026,2,4,2
2026020401,2026,2,4,1
2026020423,2026,2,4,23
2026020415,2026,2,4,15
2026020417,2026,2,4,17
2026020413,2026,2,4,13
2026020411,2026,2,4,11
2026020416,2026,2,4,16
2026020422,2026,2,4,22
2026020406,2026,2,4,6
2026020400,2026,2,4,0
2026020421,2026,2,4,21
2026020410,2026,2,4,10
2026020412,2026,2,4,12
2026020418,2026,2,4,18
2026020419,2026,2,4,19
2026020408,2026,2,4,8
2026020405,2026,2,4,5
2026020404,2026,2,4,4
2026020403,2026,2,4,3
2026021512,2026,2,15,12
2026021518,2026,2,15,18
2026021521,2026,2,15,21
2026021514,2026,2,15,14
2026021520,2026,2,15,20
2026021516,2026,2,15,16
2026021517,2026,2,15,17
2026021523,2026,2,15,23
2026021503,2026,2,15,3
2026021513,2026,2,15,13
2026021515,2026,2,15,15
2026021519,2026,2,15,19
2026021511,2026,2,15,11
2026021500,2026,2,15,0
2026021509,2026,2,15,9
2026021507,2026,2,15,7
2026021501,2026,2,15,1
2026021522,2026,2,15,22
2026021506,2026,2,15,6
2026021505,2026,2,15,5
2026021502,2026,2,15,2
2026021504,2026,2,15,4
2026021510,2026,2,15,10
2026021508,2026,2,15,8
2026021114,2026,2,11,14
2026021122,2026,2,11,22
2026021115,2026,2,11,15
2026021116,2026,2,11,16
2026021113,2026,2,11,13
2026021112,2026,2,11,12
2026021107,2026,2,11,7
2026021117,2026,2,11,17
2026021120,2026,2,11,20
2026021118,2026,2,11,18
2026021108,2026,2,11,8
2026021119,2026,2,11,19
2026021121,2026,2,11,21
2026021100,2026,2,11,0
2026021111,2026,2,11,11
2026021109,2026,2,11,9
2026021110,2026,2,11,10
2026021106,2026,2,11,6
2026021105,2026,2,11,5
2026021123,2026,2,11,23
2026021103,2026,2,11,3
2026021101,2026,2,11,1
2026021104,2026,2,11,4
2026021102,2026,2,11,2
2026012922,2026,1,29,22
2026012915,2026,1,29,15
2026012912,2026,1,29,12
2026012914,2026,1,29,14
2026012919,2026,1,29,19
2026012909,2026,1,29,9
2026012917,2026,1,29,17
2026012921,2026,1,29,21
2026012911,2026,1,29,11
2026012908,2026,1,29,8
2026012920,2026,1,29,20
2026012918,2026,1,29,18
2026012916,2026,1,29,16
2026012905,2026,1,29,5
2026012913,2026,1,29,13
2026012923,2026,1,29,23
2026012907,2026,1,29,7
2026012900,2026,1,29,0
2026012904,2026,1,29,4
2026012906,2026,1,29,6
2026012910,2026,1,29,10
2026012901,2026,1,29,1
2026012903,2026,1,29,3
2026012902,2026,1,29,2
2026022117,2026,2,21,17
2026022101,2026,2,21,1
2026022119,2026,2,21,19
2026022104,2026,2,21,4
2026022115,2026,2,21,15
2026022123,2026,2,21,23
2026022110,2026,2,21,10
2026022100,2026,2,21,0
2026022114,2026,2,21,14
2026022116,2026,2,21,16
2026022120,2026,2,21,20
2026022111,2026,2,21,11
2026022113,2026,2,21,13
2026022121,2026,2,21,21
2026022102,2026,2,21,2
2026022112,2026,2,21,12
2026022118,2026,2,21,18
2026022105,2026,2,21,5
2026022106,2026,2,21,6
2026022109,2026,2,21,9
2026022108,2026,2,21,8
2026022103,2026,2,21,3
2026022122,2026,2,21,22
2026022107,2026,2,21,7
2026012318,2026,1,23,18
2026012317,2026,1,23,17
2026012323,2026,1,23,23
2026012313,2026,1,23,13
2026012316,2026,1,23,16
2026012322,2026,1,23,22
2026012320,2026,1,23,20
2026012308,2026,1,23,8
2026012312,2026,1,23,12
2026012321,2026,1,23,21
2026012314,2026,1,23,14
2026012307,2026,1,23,7
2026012309,2026,1,23,9
2026012306,2026,1,23,6
2026012302,2026,1,23,2
2026012315,2026,1,23,15
2026012310,2026,1,23,10
2026012300,2026,1,23,0
2026012311,2026,1,23,11
2026012319,2026,1,23,19
2026012305,2026,1,23,5
2026012303,2026,1,23,3
2026012301,2026,1,23,1
2026012304,2026,1,23,4
2026012710,2026,1,27,10
2026012714,2026,1,27,14
2026012712,2026,1,27,12
2026012719,2026,1,27,19
2026012718,2026,1,27,18
2026012717,2026,1,27,17
2026012723,2026,1,27,23
2026012706,2026,1,27,6
2026012721,2026,1,27,21
2026012716,2026,1,27,16
2026012709,2026,1,27,9
2026012722,2026,1,27,22
2026012705,2026,1,27,5
2026012708,2026,1,27,8
2026012702,2026,1,27,2
2026012700,2026,1,27,0
2026012707,2026,1,27,7
2026012713,2026,1,27,13
2026012703,2026,1,27,3
2026012715,2026,1,27,15
2026012720,2026,1,27,20
2026012711,2026,1,27,11
2026012704,2026,1,27,4
2026012701,2026,1,27,1
2026010522,2026,1,5,22
2026010514,2026,1,5,14
2026010507,2026,1,5,7
2026010518,2026,1,5,18
2026010519,2026,1,5,19
2026010509,2026,1,5,9
2026010513,2026,1,5,13
2026010506,2026,1,5,6
2026010515,2026,1,5,15
2026010521,2026,1,5,21
2026010512,2026,1,5,12
2026010520,2026,1,5,20
2026010511,2026,1,5,11
2026010517,2026,1,5,17
2026010510,2026,1,5,10
2026010500,2026,1,5,0
2026010516,2026,1,5,16
2026010502,2026,1,5,2
2026010508,2026,1,5,8
2026010501,2026,1,5,1
2026010505,2026,1,5,5
2026010523,2026,1,5,23
2026010503,2026,1,5,3
2026010504,2026,1,5,4
2026011913,2026,1,19,13
2026011922,2026,1,19,22
2026011917,2026,1,19,17
2026011921,2026,1,19,21
2026011916,2026,1,19,16
2026011915,2026,1,19,15
2026011900,2026,1,19,0
2026011919,2026,1,19,19
2026011914,2026,1,19,14
2026011907,2026,1,19,7
2026011918,2026,1,19,18
2026011910,2026,1,19,10
2026011906,2026,1,19,6
2026011912,2026,1,19,12
2026011920,2026,1,19,20
2026011905,2026,1,19,5
2026011908,2026,1,19,8
2026011923,2026,1,19,23
2026011911,2026,1,19,11
2026011909,2026,1,19,9
2026011903,2026,1,19,3
2026011902,2026,1,19,2
2026011901,2026,1,19,1
2026011904,2026,1,19,4
2026020912,2026,2,9,12
2026020913,2026,2,9,13
2026020919,2026,2,9,19
2026020916,2026,2,9,16
2026020918,2026,2,9,18
2026020907,2026,2,9,7
2026020920,2026,2,9,20
2026020902,2026,2,9,2
2026020914,2026,2,9,14
2026020917,2026,2,9,17
2026020923,2026,2,9,23
2026020908,2026,2,9,8
2026020910,2026,2,9,10
2026020915,2026,2,9,15
2026020906,2026,2,9,6
2026020911,2026,2,9,11
2026020909,2026,2,9,9
2026020922,2026,2,9,22
2026020905,2026,2,9,5
2026020921,2026,2,9,21
2026020900,2026,2,9,0
2026020904,2026,2,9,4
2026020901,2026,2,9,1
2026020903,2026,2,9,3
2026010809,2026,1,8,9
2026010815,2026,1,8,15
2026010817,2026,1,8,17
2026010816,2026,1,8,16
2026010819,2026,1,8,19
2026010822,2026,1,8,22
2026010807,2026,1,8,7
2026010820,2026,1,8,20
2026010813,2026,1,8,13
2026010812,2026,1,8,12
2026010823,2026,1,8,23
2026010808,2026,1,8,8
2026010821,2026,1,8,21
2026010814,2026,1,8,14
2026010805,2026,1,8,5
2026010811,2026,1,8,11
2026010818,2026,1,8,18
2026010810,2026,1,8,10
2026010806,2026,1,8,6
2026010800,2026,1,8,0
2026010801,2026,1,8,1
2026010803,2026,1,8,3
2026010802,2026,1,8,2
2026010804,2026,1,8,4
2026010417,2026,1,4,17
2026010401,2026,1,4,1
2026010418,2026,1,4,18
2026010420,2026,1,4,20
2026010419,2026,1,4,19
2026010422,2026,1,4,22
2026010421,2026,1,4,21
2026010411,2026,1,4,11
2026010404,2026,1,4,4
2026010415,2026,1,4,15
2026010416,2026,1,4,16
2026010406,2026,1,4,6
2026010413,2026,1,4,13
2026010400,2026,1,4,0
2026010409,2026,1,4,9
2026010412,2026,1,4,12
2026010414,2026,1,4,14
2026010403,2026,1,4,3
2026010410,2026,1,4,10
2026010402,2026,1,4,2
2026010423,2026,1,4,23
2026010407,2026,1,4,7
2026010408,2026,1,4,8
2026010405,2026,1,4,5
2026021806,2026,2,18,6
2026021815,2026,2,18,15
2026021823,2026,2,18,23
2026021813,2026,2,18,13
2026021821,2026,2,18,21
2026021809,2026,2,18,9
2026021817,2026,2,18,17
2026021819,2026,2,18,19
2026021820,2026,2,18,20
2026021818,2026,2,18,18
2026021812,2026,2,18,12
2026021816,2026,2,18,16
2026021814,2026,2,18,14
2026021822,2026,2,18,22
2026021808,2026,2,18,8
2026021807,2026,2,18,7
2026021804,2026,2,18,4
2026021810,2026,2,18,10
2026021801,2026,2,18,1
2026021811,2026,2,18,11
2026021805,2026,2,18,5
2026021802,2026,2,18,2
2026021800,2026,2,18,0
2026021803,2026,2,18,3
2026011602,2026,1,16,2
2026011610,2026,1,16,10
2026011616,2026,1,16,16
2026011618,2026,1,16,18
2026011606,2026,1,16,6
2026011617,2026,1,16,17
2026011614,2026,1,16,14
2026011609,2026,1,16,9
2026011623,2026,1,16,23
2026011600,2026,1,16,0
2026011622,2026,1,16,22
2026011613,2026,1,16,13
2026011619,2026,1,16,19
2026011620,2026,1,16,20
2026011621,2026,1,16,21
2026011601,2026,1,16,1
2026011608,2026,1,16,8
2026011605,2026,1,16,5
2026011615,2026,1,16,15
2026011607,2026,1,16,7
2026011611,2026,1,16,11
2026011612,2026,1,16,12
2026011603,2026,1,16,3
2026011604,2026,1,16,4
2026012415,2026,1,24,15
2026012419,2026,1,24,19
2026012411,2026,1,24,11
2026012405,2026,1,24,5
2026012410,2026,1,24,10
2026012417,2026,1,24,17
2026012409,2026,1,24,9
2026012400,2026,1,24,0
2026012420,2026,1,24,20
2026012414,2026,1,24,14
2026012422,2026,1,24,22
2026012401,2026,1,24,1
2026012416,2026,1,24,16
2026012421,2026,1,24,21
2026012423,2026,1,24,23
2026012418,2026,1,24,18
2026012403,2026,1,24,3
2026012413,2026,1,24,13
2026012404,2026,1,24,4
2026012412,2026,1,24,12
2026012402,2026,1,24,2
2026012408,2026,1,24,8
2026012407,2026,1,24,7
2026012406,2026,1,24,6
2026011009,2026,1,10,9
2026011012,2026,1,10,12
2026011015,2026,1,10,15
2026011019,2026,1,10,19
2026011022,2026,1,10,22
2026011010,2026,1,10,10
2026011001,2026,1,10,1
2026011014,2026,1,10,14
2026011013,2026,1,10,13
2026011018,2026,1,10,18
2026011021,2026,1,10,21
2026011017,2026,1,10,17
2026011016,2026,1,10,16
2026011003,2026,1,10,3
2026011008,2026,1,10,8
2026011000,2026,1,10,0
2026011020,2026,1,10,20
2026011005,2026,1,10,5
2026011023,2026,1,10,23
2026011004,2026,1,10,4
2026011007,2026,1,10,7
2026011011,2026,1,10,11
2026011002,2026,1,10,2
2026011006,2026,1,10,6
2026010215,2026,1,2,15
2026010214,2026,1,2,14
2026010216,2026,1,2,16
2026010211,2026,1,2,11
2026010219,2026,1,2,19
2026010212,2026,1,2,12
2026010208,2026,1,2,8
2026010217,2026,1,2,17
2026010222,2026,1,2,22
2026010213,2026,1,2,13
2026010207,2026,1,2,7
2026010221,2026,1,2,21
2026010220,2026,1,2,20
2026010223,2026,1,2,23
2026010218,2026,1,2,18
2026010210,2026,1,2,10
2026010203,2026,1,2,3
2026010205,2026,1,2,5
2026010209,2026,1,2,9
2026010200,2026,1,2,0
2026010201,2026,1,2,1
2026010206,2026,1,2,6
2026010202,2026,1,2,2
2026010204,2026,1,2,4
2026021000,2026,2,10,0
2026021018,2026,2,10,18
2026021019,2026,2,10,19
2026021020,2026,2,10,20
2026021015,2026,2,10,15
2026021014,2026,2,10,14
2026021007,2026,2,10,7
2026021017,2026,2,10,17
2026021016,2026,2,10,16
2026021021,2026,2,10,21
2026021003,2026,2,10,3
2026021012,2026,2,10,12
2026021010,2026,2,10,10
2026021008,2026,2,10,8
2026021002,2026,2,10,2
2026021011,2026,2,10,11
2026021009,2026,2,10,9
2026021022,2026,2,10,22
2026021013,2026,2,10,13
2026021001,2026,2,10,1
2026021004,2026,2,10,4
2026021023,2026,2,10,23
2026021005,2026,2,10,5
2026021006,2026,2,10,6
2026022819,2026,2,28,19
2026022823,2026,2,28,23
2026022820,2026,2,28,20
2026022817,2026,2,28,17
2026022813,2026,2,28,13
2026022818,2026,2,28,18
2026022816,2026,2,28,16
2026022812,2026,2,28,12
2026022803,2026,2,28,3
2026022810,2026,2,28,10
2026022807,2026,2,28,7
2026022815,2026,2,28,15
2026022822,2026,2,28,22
2026022804,2026,2,28,4
2026022802,2026,2,28,2
2026022808,2026,2,28,8
2026022805,2026,2,28,5
2026022809,2026,2,28,9
2026022800,2026,2,28,0
2026022821,2026,2,28,21
2026022806,2026,2,28,6
2026022811,2026,2,28,11
2026022801,2026,2,28,1
2026022814,2026,2,28,14
2026022508,2026,2,25,8
2026022517,2026,2,25,17
2026022516,2026,2,25,16
2026022510,2026,2,25,10
2026022505,2026,2,25,5
2026022518,2026,2,25,18
2026022515,2026,2,25,15
2026022521,2026,2,25,21
2026022523,2026,2,25,23
2026022519,2026,2,25,19
2026022522,2026,2,25,22
2026022501,2026,2,25,1
2026022514,2026,2,25,14
2026022506,2026,2,25,6
2026022509,2026,2,25,9
2026022513,2026,2,25,13
2026022502,2026,2,25,2
2026022520,2026,2,25,20
2026022511,2026,2,25,11
2026022512,2026,2,25,12
2026022507,2026,2,25,7
2026022500,2026,2,25,0
2026022503,2026,2,25,3
2026022504,2026,2,25,4
2026010321,2026,1,3,21
2026010315,2026,1,3,15
2026010317,2026,1,3,17
2026010323,2026,1,3,23
2026010320,2026,1,3,20
2026010316,2026,1,3,16
2026010318,2026,1,3,18
2026010319,2026,1,3,19
2026010301,2026,1,3,1
2026010312,2026,1,3,12
2026010310,2026,1,3,10
2026010314,2026,1,3,14
2026010311,2026,1,3,11
2026010309,2026,1,3,9
2026010300,2026,1,3,0
2026010302,2026,1,3,2
2026010313,2026,1,3,13
2026010322,2026,1,3,22
2026010306,2026,1,3,6
2026010308,2026,1,3,8
2026010307,2026,1,3,7
2026010303,2026,1,3,3
2026010305,2026,1,3,5
2026010304,2026,1,3,4
2026021722,2026,2,17,22
2026021714,2026,2,17,14
2026021720,2026,2,17,20
2026021717,2026,2,17,17
2026021718,2026,2,17,18
2026021712,2026,2,17,12
2026021723,2026,2,17,23
2026021713,2026,2,17,13
2026021719,2026,2,17,19
2026021721,2026,2,17,21
2026021701,2026,2,17,1
2026021703,2026,2,17,3
2026021716,2026,2,17,16
2026021704,2026,2,17,4
2026021705,2026,2,17,5
2026021711,2026,2,17,11
2026021709,2026,2,17,9
2026021715,2026,2,17,15
2026021710,2026,2,17,10
2026021702,2026,2,17,2
2026021708,2026,2,17,8
2026021700,2026,2,17,0
2026021707,2026,2,17,7
2026021706,2026,2,17,6
2026022416,2026,2,24,16
2026022418,2026,2,24,18
2026022421,2026,2,24,21
2026022417,2026,2,24,17
2026022414,2026,2,24,14
2026022408,2026,2,24,8
2026022407,2026,2,24,7
2026022410,2026,2,24,10
2026022422,2026,2,24,22
2026022413,2026,2,24,13
2026022409,2026,2,24,9
2026022401,2026,2,24,1
2026022420,2026,2,24,20
2026022423,2026,2,24,23
2026022405,2026,2,24,5
2026022419,2026,2,24,19
2026022415,2026,2,24,15
2026022411,2026,2,24,11
2026022412,2026,2,24,12
2026022406,2026,2,24,6
2026022400,2026,2,24,0
2026022404,2026,2,24,4
2026022402,2026,2,24,2
2026022403,2026,2,24,3
2026021408,2026,2,14,8
2026021416,2026,2,14,16
2026021412,2026,2,14,12
2026021418,2026,2,14,18
2026021419,2026,2,14,19
2026021409,2026,2,14,9
2026021414,2026,2,14,14
2026021407,2026,2,14,7
2026021417,2026,2,14,17
2026021413,2026,2,14,13
2026021411,2026,2,14,11
2026021421,2026,2,14,21
2026021404,2026,2,14,4
2026021403,2026,2,14,3
2026021415,2026,2,14,15
2026021402,2026,2,14,2
2026021420,2026,2,14,20
2026021422,2026,2,14,22
2026021401,2026,2,14,1
2026021400,2026,2,14,0
2026021423,2026,2,14,23
2026021406,2026,2,14,6
2026021405,2026,2,14,5
2026021410,2026,2,14,10
2026011820,2026,1,18,20
2026011814,2026,1,18,14
2026011810,2026,1,18,10
2026011816,2026,1,18,16
2026011821,2026,1,18,21
2026011817,2026,1,18,17
2026011812,2026,1,18,12
2026011815,2026,1,18,15
2026011801,2026,1,18,1
2026011808,2026,1,18,8
2026011803,2026,1,18,3
2026011819,2026,1,18,19
2026011800,2026,1,18,0
2026011818,2026,1,18,18
2026011822,2026,1,18,22
2026011811,2026,1,18,11
2026011823,2026,1,18,23
2026011805,2026,1,18,5
2026011809,2026,1,18,9
2026011813,2026,1,18,13
2026011802,2026,1,18,2
2026011807,2026,1,18,7
2026011806,2026,1,18,6
2026011804,2026,1,18,4
2026012619,2026,1,26,19
2026012612,2026,1,26,12
2026012616,2026,1,26,16
2026012618,2026,1,26,18
2026012609,2026,1,26,9
2026012610,2026,1,26,10
2026012617,2026,1,26,17
2026012614,2026,1,26,14
2026012613,2026,1,26,13
2026012608,2026,1,26,8
2026012611,2026,1,26,11
2026012620,2026,1,26,20
2026012621,2026,1,26,21
2026012607,2026,1,26,7
2026012623,2026,1,26,23
2026012603,2026,1,26,3
2026012606,2026,1,26,6
2026012615,2026,1,26,15
2026012622,2026,1,26,22
2026012605,2026,1,26,5
2026012601,2026,1,26,1
2026012602,2026,1,26,2
2026012600,2026,1,26,0
2026012604,2026,1,26,4
2026010117,2026,1,1,17
2026010103,2026,1,1,3
2026010116,2026,1,1,16
2026010108,2026,1,1,8
2026010105,2026,1,1,5
2026010106,2026,1,1,6
2026010118,2026,1,1,18
2026010102,2026,1,1,2
2026010101,2026,1,1,1
2026010119,2026,1,1,19
2026010120,2026,1,1,20
2026010104,2026,1,1,4
2026010123,2026,1,1,23
2026010122,2026,1,1,22
2026010121,2026,1,1,21
2026010114,2026,1,1,14
2026010115,2026,1,1,15
2026010113,2026,1,1,13
2026010100,2026,1,1,0
2026010110,2026,1,1,10
2026010109,2026,1,1,9
2026010112,2026,1,1,12
2026010111,2026,1,1,11
2026010107,2026,1,1,7
2026021600,2026,2,16,0
2026021619,2026,2,16,19
2026021617,2026,2,16,17
2026021623,2026,2,16,23
2026021602,2026,2,16,2
2026021618,2026,2,16,18
2026021610,2026,2,16,10
2026021601,2026,2,16,1
2026021609,2026,2,16,9
2026021620,2026,2,16,20
2026021616,2026,2,16,16
2026021611,2026,2,16,11
2026021612,2026,2,16,12
2026021607,2026,2,16,7
2026021615,2026,2,16,15
2026021604,2026,2,16,4
2026021622,2026,2,16,22
2026021613,2026,2,16,13
2026021614,2026,2,16,14
2026021621,2026,2,16,21
2026021605,2026,2,16,5
2026021603,2026,2,16,3
2026021606,2026,2,16,6
2026021608,2026,2,16,8
2026010908,2026,1,9,8
2026010920,2026,1,9,20
2026010918,2026,1,9,18
2026010916,2026,1,9,16
2026010914,2026,1,9,14
2026010919,2026,1,9,19
2026010911,2026,1,9,11
2026010915,2026,1,9,15
2026010912,2026,1,9,12
2026010907,2026,1,9,7
2026010917,2026,1,9,17
2026010913,2026,1,9,13
2026010909,2026,1,9,9
2026010910,2026,1,9,10
2026010921,2026,1,9,21
2026010904,2026,1,9,4
2026010922,2026,1,9,22
2026010900,2026,1,9,0
2026010905,2026,1,9,5
2026010906,2026,1,9,6
2026010923,2026,1,9,23
2026010901,2026,1,9,1
2026010903,2026,1,9,3
2026010902,2026,1,9,2
2026012210,2026,1,22,10
2026012218,2026,1,22,18
2026012214,2026,1,22,14
2026012220,2026,1,22,20
2026012213,2026,1,22,13
2026012219,2026,1,22,19
2026012221,2026,1,22,21
2026012223,2026,1,22,23
2026012217,2026,1,22,17
2026012215,2026,1,22,15
2026012216,2026,1,22,16
2026012201,2026,1,22,1
2026012211,2026,1,22,11
2026012206,2026,1,22,6
2026012208,2026,1,22,8
2026012212,2026,1,22,12
2026012200,2026,1,22,0
2026012202,2026,1,22,2
2026012203,2026,1,22,3
2026012205,2026,1,22,5
2026012209,2026,1,22,9
2026012222,2026,1,22,22
2026012207,2026,1,22,7
2026012204,2026,1,22,4
